,category,repo_name
85,Security,engine
86,Security,powerauth-crypto
87,Security,osquery
88,Security,danyuan-application
89,Security,owasp-seraphimdroid
90,Security,LibScout
91,Security,osiam
92,Security,bouncy-gpg
93,Security,graylog2-server
94,Security,nmap4j
95,Security,Umbrella_android
96,Security,Hive2Hive
97,Security,PasscodeView
98,Security,open-source-email
99,Security,keystone
100,Security,nfcgate
101,Security,Authorizer
102,Security,LoginSecurity-2
103,Security,JavaRansomware
104,Security,openvpn3
105,Security,elasticsearch-readonlyrest-plugin
106,Security,openvpn3-linux
107,Security,monero
108,Security,libnitrokey
109,Security,spring-security
110,Security,spring-boot
111,Security,custom-bytecode-analyzer
112,Security,firmware
113,Security,WhereAreTheEyes
114,Security,afhq
115,Security,drozer-agent
116,Security,edb-debugger
117,Security,SigFW
118,Security,cryptomator
119,Security,x64dbg
120,Security,tink
121,Security,pac4j
122,Security,i2pd
123,Security,dependency-track
124,Security,NfWebCrypto
125,Security,eet-client
126,Security,vertx-auth
127,Security,CameraV
128,Security,security-soteria
129,Security,waf
130,Security,usbguard
131,Security,OpenYOLO-Android
132,Security,nsjail
133,Security,DependencyCheck
134,Security,AuthMeReloaded
135,Security,AutoRepeater
136,Security,Qt-SESAM
137,Security,botan
138,Security,spring-vault
139,Security,search-guard
140,Security,weakforced
141,Security,nitrokey-app
142,Security,csp-auditor
143,Security,AndroTickler
144,Mobile,HtmlNative
145,Mobile,Fetch
146,Mobile,Android-Cookbook-Examples
147,Mobile,MKVideoPlayer
148,Mobile,mypodcasts-android
149,Mobile,SoundBand
150,Mobile,realm-core
151,Mobile,brfv4_android_examples
152,Mobile,Snipit
153,Mobile,DasBild
154,Mobile,mini-asio
155,Mobile,mangosta-android
156,Mobile,Game2048FX
157,Mobile,TensorflowSimApp
158,Mobile,drozer-agent
159,Mobile,JFoenix
160,Mobile,countly-sdk-js
161,Mobile,ETSMobile-Android2
162,Mobile,JejuNet
163,Mobile,lunar-unity-console
164,Mobile,mtcnn_ncnn
165,Mobile,FXGL
166,Mobile,QField
167,Mobile,trustedshops-android-sdk
168,Mobile,android-yolo-v2
169,Mobile,app-icon
170,Mobile,turtlebot3_deliver
171,Mobile,powerauth-mobile-sdk
172,Mobile,ASM
173,Mobile,TheMovies
174,Mobile,xabber-android
175,Mobile,opentest
176,Mobile,RIBs
177,Mobile,imhotep
178,Mobile,tns-core-modules-widgets
179,Mobile,ssj
180,Mobile,OpenCircle
181,Mobile,android-kubernetes-blockchain
182,Mobile,automotion-java
183,Mobile,powerup-android
184,Mobile,bee-android
185,Ide,ccls
186,Ide,Nider
187,Ide,aseba
188,Ide,embedded-ide
189,Ide,kuzya
190,Ide,solidity-ide
191,Ide,core
192,Ide,nesicide
193,Ide,QtSphere-IDE
194,Ide,vertigo-chroma-kspplugin
195,Ide,meghanada-server
196,Ide,ModPE-IDE-Source
197,Ide,ToyPascal
198,Ide,intellij-haxe
199,Ide,Portugol-Studio
200,Ide,fakescript
201,Ide,fql
202,Ide,jammy
203,Ide,rascal-eclipse
204,Ide,intellij-elixir
205,Ide,saros
206,Ide,intellij
207,Ide,goclipse
208,Ide,c-cpp-java-ide
209,Ide,vdt-plugin
210,Ide,erlide_eclipse
211,Ide,SQDev
212,Ide,liteide
213,Ide,eclipse
214,Ide,BAS
215,Ide,Pydev
216,Ide,asn1scc.IDE
217,Ide,Craftr
218,Ide,Try8085
219,Ide,gramlab-ide
220,Ide,Perl5-IDEA
221,Ide,UECIDE
222,Ide,jucipp
223,Ide,GsonFormat
224,Ide,AntIDE
225,Ide,ASM
226,Ide,sarl
227,Ide,TommyGun
228,Ide,egradle
229,Ide,i-pascal
230,Ide,RustDT
231,Ide,goomph
232,Ide,SimpleJavaIDE
233,Ide,codenvy
234,Ide,AppleScript-IDEA
235,Ide,texstudio
236,Ide,intellij-erlang
237,Ide,x-studio365
238,Finance,vogon
239,Finance,AppsForGoodGame
240,Finance,quanttrade
241,Finance,jeebbs
242,Finance,sgx-netting
243,Finance,budget-watch
244,Finance,hft-sim
245,Finance,expenses
246,Finance,TOSDataBridge
247,Finance,PersonalBudget
248,Finance,morpheus-core
249,Finance,jgnash
250,Finance,financisto
251,Finance,android-money-manager-ex
252,Finance,APIFinanceDataProvider
253,Finance,RedTorch
254,Finance,vnpy
255,Finance,contractmanager
256,Finance,stockwatcher
257,Finance,Threadneedle
258,Finance,trade-frame
259,Finance,Ledger
260,Finance,Automated-Trader
261,Finance,CryptoBuddy
262,Finance,kardia
263,Finance,Strata
264,Education,libxd
265,Education,Kornell
266,Education,visualDFA
267,Education,Sapne
268,Education,Jartop
269,Education,aseba
270,Education,uits-labs
271,Education,addressbook-level4
272,Education,study
273,Education,kuzya
274,Education,uPortal
275,Education,Monolith-Code
276,Education,Sofia-University-Courses-FMI
277,Education,react-native-touchvg
278,Education,BactMan-Adventures
279,Education,qvge
280,Education,Lernkartei_2017
281,Education,edumips64
282,Education,Rel
283,Education,zest-writer
284,Education,drmips
285,Education,minecraft-storeys-maker
286,Education,java-signin
287,Education,drive
288,Education,DuckHunt
289,Education,CL-Toolbox
290,Education,ifmo-code
291,Education,BlocklyArduinoIDEPlugin
292,Education,Simulacra
293,Education,EducationSystem
294,Education,ProsofiClubMat
295,Education,UstadMobile
296,Education,Solve4x
297,Education,Programming
298,Education,battleship
299,Education,synergynet3.1
300,Education,420406-Applications
301,Education,cas
302,Education,lpub3d
303,Education,Algorithms
304,Education,Anki-Android
305,Education,baldr
306,Education,ForgeScratch
307,Education,Genetic-Algorithm-Path-Finder
308,Education,addressbook-level2
309,Education,edx-app-android
310,Education,exam
311,Education,vhdllab
312,Education,Finches-2011
313,Education,powerup-android
314,Games,blitzed-irc-trivia
315,Games,zetaglest-source
316,Games,colonization
317,Games,openglitch
318,Games,PokemonBattler
319,Games,kdots
320,Games,katsu
321,Games,Trivia-Knowledge
322,Games,maps4cim
323,Games,gamediscovery
324,Games,pegasus-frontend
325,Games,vograbulary
326,Games,Entitas-Java
327,Games,GraphicsEngine
328,Games,android-jigsaw-puzzle
329,Games,binarium
330,Games,gainput
331,Games,Asobimasu
332,Games,TrenchBroom
333,Games,KInk
334,Games,Payday-2-BLT
335,Games,WidescreenFixesPack
336,Games,BatBat-Game
337,Games,BrainySnake
338,Games,Old
339,Games,libgdx
340,Games,Teal
341,Games,Tempera
342,Games,Reversi
343,Games,MaterialX
344,Games,MrTower
345,Games,pac-person-freespace
346,Games,RetroSpyServer
347,Games,psobbaddonplugin
348,Graphics,aseprite
349,Graphics,DiligentCore
350,Graphics,server
351,Graphics,libSDL2pp
352,Graphics,kcanvas
353,Graphics,DirectXTK
354,Graphics,apic2d
355,Graphics,nova-renderer
356,Graphics,EDXRay
357,Graphics,node-gd
358,Graphics,OpenLara
359,Graphics,taichi
360,Graphics,Handmade-Math
361,Graphics,NINAGE-Engine
362,Graphics,Inline-Engine
363,Graphics,yocto-gl
364,Graphics,agge
365,Graphics,GameFramework
366,Graphics,lava
367,Graphics,simulant-engine
368,Graphics,GL_vs_VK
369,Graphics,Bonzomatic
370,Graphics,DirectXTK12
371,Graphics,minicraft
372,Graphics,magnum
373,Graphics,YEGE
374,Graphics,multicopter_design
375,Graphics,AS
376,Graphics,MIDIVisualizer
377,Graphics,WorldWindJava
378,Graphics,JRubyArt
379,Graphics,propane
380,Graphics,ktikz
381,Graphics,KlayGE
382,Graphics,ElkEngine
383,Graphics,DiligentEngine
384,Graphics,GfxSampleFramework
385,Graphics,DoChart
386,Graphics,im3d
387,Graphics,CML
388,Graphics,anki-3d-engine
389,Graphics,nodebox
390,Graphics,NeneEngine
391,Graphics,asura-SDK
392,Graphics,cplot
393,Graphics,NuoModelViewer
394,Graphics,bgfx
395,Graphics,openvg
396,Graphics,shaderc
397,Graphics,PBR
398,Graphics,WorldWindAndroid
399,Graphics,libgltf
400,Graphics,CML1
401,Graphics,floor
402,Graphics,ray-tracing
403,Graphics,rapaio
404,Graphics,nTiled
405,Graphics,vic
406,Graphics,BansheeEngine
407,Robot-Simulation,bullet3
408,Robot-Simulation,robotx_packages
409,Robot-Simulation,zbik3d
410,Robot-Simulation,baxter_simulator
411,Robot-Simulation,ase_exploration
412,Robot-Simulation,vizzy
413,Robot-Simulation,simatch
414,Robot-Simulation,Robot-Overlord-App
415,Robot-Simulation,ReaK
416,Robot-Simulation,costar_stack
417,Robot-Simulation,sawyer_simulator
418,Robot-Simulation,simbad
419,Robot-Simulation,scrimmage
420,Robot-Simulation,jbotevolver
421,Robot-Simulation,SnobotSim
422,Robot-Simulation,swarm_robot_ros_sim
423,Robot-Simulation,dart
424,Robot-Simulation,URoboSim
425,Robot-Simulation,flatland
426,Robot-Simulation,tansa
427,Robot-Simulation,kuka-lwr-ros
428,Robot-Simulation,mars
429,Robot-Simulation,single_nubot_gazebo
430,Audio,RadioDroid
431,Audio,qTox
432,Audio,winyl
433,Audio,psychosynth
434,Audio,Camomile
435,Audio,BatchEncoder
436,Audio,MediaInfoLib
437,Audio,ultrasonic
438,Audio,MediaLoader
439,Audio,kfr
440,Audio,android-openslmediaplayer
441,Audio,Auraglyph
442,Audio,mous
443,Audio,OTTO
444,Audio,mqb-pm
445,Audio,vchsm
446,Audio,RtmpPublisher
447,Audio,freemp
448,Audio,hydrogen
449,Audio,talk-android
450,Audio,VOSIMSynth
451,Audio,kosm
452,Audio,wolf-shaper
453,Audio,SFBAudioEngine
454,Audio,PLEBTracker
455,Audio,audiowaveform
456,Audio,cineast
457,Audio,filechooser
458,Audio,jpsxdec
459,Audio,libsnd
460,Audio,HXAudioPlayer
461,Audio,openaudible
462,Audio,Mu
463,Audio,giada
464,Audio,BackgroundMusic
465,Audio,libjitsi
466,Audio,wavtoac3encoder
467,Audio,LightBeat
468,Audio,LabSound
469,Audio,monkeyboard-radio-android
470,Audio,airsonic
471,Audio,foo_input_amr
472,Audio,NXPlay
473,Audio,ModuleMania
474,Audio,sc3-plugins
475,Audio,LowkeyNW
476,Audio,freac
477,Audio,strawberry
478,Audio,lionengine
479,Audio,AudioFile
480,Audio,flacon
481,Audio,KeyboardVisualizer
482,Audio,ofxPDSP
483,Chess,Chessly
484,Chess,SchlachtenSchach
485,Chess,FourChess
486,Chess,stockfish.js
487,Chess,Napoleon
488,Chess,Battle-Chess-Game
489,Chess,stockfish.pexe
490,Chess,Chess-Connoisseurs
491,Chess,HS-Chess
492,Chess,lanternicc
493,Chess,chessx
494,Chess,chess
495,Chess,TCP-Chess
496,Chess,Fairy-Stockfish
497,Chess,pmChess
498,Chess,krudo
499,Chess,ConesOfDunshire
500,Chess,ChessPlusPlus
501,Chess,DETROID
502,Chess,Chess
503,Chess,Cute_Chess-Online_and_AI
504,Chess,arasan-chess
505,Chess,BlackWidow-Chess
506,Chess,Chess.com-LiveMatchManager
507,Chess,cutechess
508,Chess,vkChess
509,Chess,Stockfish_iOS
510,Chess,tbserve
511,Chess,ChessGame
